Sentence,Word,hierarchical,non-hierarchical
0,Tidal,DEFINIENDUM,
0,flats,DEFINIENDUM,
0,are,DEFINITOR,
0,banks,GENUS,
0,of,,
0,mud,,COMPOSITION_MEDIUM
0,or,,COMPOSITION_MEDIUM
0,sand,,COMPOSITION_MEDIUM
0,that,,
0,are,,
0,exposed,,HAS_FORM
0,at,,HAS_FORM
0,low,,HAS_FORM
0,tide,,HAS_FORM
0,.,,
1,Greywackes,DEFINIENDUM,
1,are,DEFINITOR,
1,sandstones,GENUS,
1,containing,,
1,rock,,COMPOSITION_MEDIUM
1,fragments,,COMPOSITION_MEDIUM
1,and,,COMPOSITION_MEDIUM
1,clay,,COMPOSITION_MEDIUM
1,minerals,,COMPOSITION_MEDIUM
1,.,,
2,Caldera,DEFINIENDUM,
2,is,DEFINITOR,
2,a,DEFINITOR,
2,large,,HAS_SIZE
2,crater,GENUS,
2,or,,
2,depression,GENUS,
2,resulting,,
2,from,,
2,a,,
2,powerful,,HAS_CAUSE
2,volcanic,,HAS_CAUSE
2,explosion,,HAS_CAUSE
2,or,,
2,the,,
2,collapse,,HAS_CAUSE
2,of,,HAS_CAUSE
2,the,,HAS_CAUSE
2,central,,HAS_CAUSE
2,part,,HAS_CAUSE
2,of,,HAS_CAUSE
2,a,,HAS_CAUSE
2,volcano,,HAS_CAUSE
2,.,,HAS_CAUSE
3,Catchment,DEFINIENDUM,
3,is,DEFINITOR,
3,an,DEFINITOR,
3,area,GENUS,
3,that,,
3,is,,
3,drained,,HAS_CAUSE
3,by,,HAS_CAUSE
3,a,,HAS_CAUSE
3,river,,HAS_CAUSE
3,and,,
3,defined,,HAS_CAUSE
3,by,,HAS_CAUSE
3,the,,HAS_CAUSE
3,surrounding,,HAS_CAUSE
3,watershed,,HAS_CAUSE
3,.,,
4,Chute,DEFINIENDUM,
4,is,DEFINITOR,
4,a,DEFINITOR,
4,narrow,,
4,channel,GENUS,
4,with,,
4,a,,
4,swift,,CONTAINS
4,current,,CONTAINS
4,",",,
4,applied,,
4,to,,
4,rivers,,HAS_LOCATION
4,",",,
4,the,,
4,straits,,HAS_LOCATION
4,between,,HAS_LOCATION
4,the,,HAS_LOCATION
4,mainland,,HAS_LOCATION
4,and,,HAS_LOCATION
4,islands,,HAS_LOCATION
4,",",,
4,and,,
4,to,,
4,furrows,,HAS_LOCATION
4,produced,,HAS_LOCATION
4,by,,HAS_LOCATION
4,avalanches,,HAS_LOCATION
4,on,,HAS_LOCATION
4,hill,,HAS_LOCATION
4,slopes,,HAS_LOCATION
4,.,,
5,Coquina,DEFINIENDUM,
5,is,DEFINITOR,
5,a,DEFINITOR,
5,carbonate,,COMPOSITION_MEDIUM
5,rock,GENUS,
5,which,,
5,consists,,
5,largely,,
5,or,,
5,wholly,,
5,of,,
5,mechanically,,COMPOSITION_MEDIUM
5,sorted,,COMPOSITION_MEDIUM
5,",",,COMPOSITION_MEDIUM
5,weakly,,COMPOSITION_MEDIUM
5,to,,COMPOSITION_MEDIUM
5,moderately,,COMPOSITION_MEDIUM
5,cemented,,COMPOSITION_MEDIUM
5,fossil,,COMPOSITION_MEDIUM
5,debris,,COMPOSITION_MEDIUM
5,.,,
6,Corestone,DEFINIENDUM,
6,is,DEFINITOR,
6,a,DEFINITOR,
6,spheroidal,,HAS_FORM
6,boulder,GENUS,
6,of,,
6,relatively,,
6,unweathered,,COMPOSITION_MEDIUM
6,rock,,COMPOSITION_MEDIUM
6,surrounded,,HAS_LOCATION
6,by,,HAS_LOCATION
6,saprolite,,HAS_LOCATION
6,and,,
6,formed,,
6,by,,
6,sub-surface,,HAS_CAUSE
6,weathering,,HAS_CAUSE
6,of,,HAS_CAUSE
6,a,,HAS_CAUSE
6,joint,,HAS_CAUSE
6,block,,HAS_CAUSE
6,.,,
7,Corrasion,DEFINIENDUM,
7,is,DEFINITOR,
7,the,DEFINITOR,
7,mechanical,,
7,erosion,GENUS,
7,of,,
7,rock,,
7,surfaces,,
7,by,,HAS_CAUSE
7,the,,HAS_CAUSE
7,impact,,HAS_CAUSE
7,of,,HAS_CAUSE
7,moving,,HAS_CAUSE
7,debris,,HAS_CAUSE
7,.,,
8,Corridor,DEFINIENDUM,
8,karst,DEFINIENDUM,
8,is,DEFINITOR,
8,a,DEFINITOR,
8,type,DEFINITOR,
8,of,DEFINITOR,
8,karst,GENUS,
8,characterized,,
8,by,,
8,long,,CONTAINS
8,",",,CONTAINS
8,narrow,,CONTAINS
8,chasms,,CONTAINS
8,enlarged,,
8,by,,
8,the,,
8,action,,
8,of,,
8,water,,
8,and,,
8,into,,
8,which,,
8,surface,,CONTAINS
8,runoff,,CONTAINS
8,or,,CONTAINS
8,stream,,CONTAINS
8,may,,
8,flow,,
8,.,,
9,Daya,DEFINIENDUM,
9,is,DEFINITOR,
9,a,DEFINITOR,
9,shallow,,
9,depression,GENUS,
9,found,,
9,primarily,,
9,in,,
9,areas,,HAS_LOCATION
9,underlain,,HAS_LOCATION
9,by,,HAS_LOCATION
9,limestone,,HAS_LOCATION
9,bedrock,,HAS_LOCATION
9,or,,HAS_LOCATION
9,calcrete,,HAS_LOCATION
9,as,,HAS_CAUSE
9,a,,HAS_CAUSE
9,result,,HAS_CAUSE
9,of,,HAS_CAUSE
9,solution,,HAS_CAUSE
9,.,,HAS_CAUSE
10,De,DEFINIENDUM,
10,Geer,DEFINIENDUM,
10,Moraine,DEFINIENDUM,
10,is,DEFINITOR,
10,a,DEFINITOR,
10,glacial,,
10,landform,GENUS,
10,consisting,,
10,of,,
10,swarms,,
10,of,,
10,small,,HAS_FORM
10,ridges,,HAS_FORM
10,oriented,,HAS_FORM
10,perpendicular,,HAS_FORM
10,to,,HAS_FORM
10,the,,HAS_FORM
10,ice,,HAS_FORM
10,flow,,HAS_FORM
10,direction,,HAS_FORM
10,.,,
11,Dreikanter,DEFINIENDUM,
11,is,DEFINITOR,
11,a,DEFINITOR,
11,shaped,,
11,pebble,GENUS,
11,found,,
11,on,,
11,the,,
11,surface,,HAS_LOCATION
11,in,,HAS_LOCATION
11,desert,,HAS_LOCATION
11,regions,,HAS_LOCATION
11,and,,HAS_LOCATION
11,periglacial,,HAS_LOCATION
11,areas,,HAS_LOCATION
11,with,,
11,three,,HAS_FORM
11,distinct,,HAS_FORM
11,facets,,HAS_FORM
11,on,,HAS_FORM
11,its,,HAS_FORM
11,upper,,HAS_FORM
11,surface,,HAS_FORM
11,as,,
11,a,,
11,result,,
11,of,,
11,wind,,HAS_CAUSE
11,abrasion,,HAS_CAUSE
11,.,,
12,Drift,DEFINIENDUM,
12,ice,DEFINIENDUM,
12,is,DEFINITOR,
12,any,DEFINITOR,
12,type,DEFINITOR,
12,of,DEFINITOR,
12,floating,,HAS_ATTRIBUTE
12,ice,GENUS,
12,that,,
12,has,,HAS_CAUSE
12,drifted,,HAS_CAUSE
12,from,,HAS_CAUSE
12,its,,HAS_CAUSE
12,point,,HAS_CAUSE
12,of,,HAS_CAUSE
12,origin,,HAS_CAUSE
12,and,,
12,broken,,HAS_RESULT
12,into,,HAS_RESULT
12,pieces,,HAS_RESULT
12,small,,HAS_RESULT
12,enough,,HAS_RESULT
12,for,,HAS_RESULT
12,a,,HAS_RESULT
12,ship,,HAS_RESULT
12,to,,HAS_RESULT
12,sail,,HAS_RESULT
12,through,,HAS_RESULT
12,.,,HAS_RESULT
13,Ferricrete,DEFINIENDUM,
13,is,DEFINITOR,
13,a,DEFINITOR,
13,type,DEFINITOR,
13,of,DEFINITOR,
13,duricrust,GENUS,
13,consisting,,
13,of,,
13,an,,
13,iron-pan,,COMPOSITION_MEDIUM
13,or,,COMPOSITION_MEDIUM
13,near-surface,,COMPOSITION_MEDIUM
13,zone,,COMPOSITION_MEDIUM
13,of,,COMPOSITION_MEDIUM
13,iron,,COMPOSITION_MEDIUM
13,sesquioxide,,COMPOSITION_MEDIUM
13,cementation,,COMPOSITION_MEDIUM
13,.,,
14,Fiard,DEFINIENDUM,
14,is,DEFINITOR,
14,a,DEFINITOR,
14,coastal,,HAS_LOCATION
14,inlet,GENUS,
14,produced,,
14,by,,
14,the,,
14,drowning,,HAS_CAUSE
14,of,,HAS_CAUSE
14,an,,HAS_CAUSE
14,undulating,,HAS_CAUSE
14,landscape,,HAS_CAUSE
14,of,,HAS_CAUSE
14,shallow,,HAS_CAUSE
14,valleys,,HAS_CAUSE
14,and,,HAS_CAUSE
14,low,,HAS_CAUSE
14,interfluves,,HAS_CAUSE
14,.,,
15,Foreshore,DEFINIENDUM,
15,is,,
15,the,,
15,part,,
15,of,,
15,a,,
15,coast,GENUS,
15,lying,,
15,between,,HAS_LOCATION
15,the,,HAS_LOCATION
15,lowest,,HAS_LOCATION
15,low-water,,HAS_LOCATION
15,line,,HAS_LOCATION
15,and,,HAS_LOCATION
15,the,,HAS_LOCATION
15,average,,HAS_LOCATION
15,high-water,,HAS_LOCATION
15,mark,,HAS_LOCATION
15,.,,
16,Geomorphic,DEFINIENDUM,
16,generation,DEFINIENDUM,
16,is,DEFINITOR,
16,a,DEFINITOR,
16,part,,
16,of,,
16,the,,
16,classification,GENUS,
16,that,,
16,allows,,
16,for,,
16,the,,
16,recognition,,HAS_RESULT
16,of,,HAS_RESULT
16,more,,HAS_RESULT
16,than,,HAS_RESULT
16,one,,HAS_RESULT
16,geomorphic,,HAS_RESULT
16,process,,HAS_RESULT
16,type,,HAS_RESULT
16,or,,HAS_RESULT
16,landform,,HAS_RESULT
16,at,,
16,any,,
16,given,,
16,location,,
16,due,,HAS_CAUSE
16,to,,HAS_CAUSE
16,process,,HAS_CAUSE
16,overprinting,,HAS_CAUSE
16,.,,
17,A,,
17,dynamic,DEFINIENDUM,
17,metastable,DEFINIENDUM,
17,equilibrium,DEFINIENDUM,
17,is,DEFINITOR,
17,a,DEFINITOR,
17,combination,,
17,of,,
17,dynamic,,
17,and,,
17,metastable,,
17,equilibria,GENUS,
17,",",,
17,in,,HAS_FUNCTION
17,which,,HAS_FUNCTION
17,large,,HAS_FUNCTION
17,jumps,,HAS_FUNCTION
17,across,,HAS_FUNCTION
17,thresholds,,HAS_FUNCTION
17,break,,HAS_FUNCTION
17,in,,HAS_FUNCTION
17,upon,,HAS_FUNCTION
17,small-scale,,HAS_FUNCTION
17,fluctuations,,HAS_FUNCTION
17,about,,HAS_FUNCTION
17,a,,HAS_FUNCTION
17,moving,,HAS_FUNCTION
17,mean,,HAS_FUNCTION
17,.,,
18,Tephra,DEFINIENDUM,
18,is,DEFINITOR,
18,a,DEFINITOR,
18,term,DEFINITOR,
18,covering,DEFINITOR,
18,three,,
18,types,,
18,of,,
18,pyroclastic,,COMPOSITION_MEDIUM
18,material,GENUS,
18,of,,
18,differing,,HAS_ATTRIBUTE
18,grain,,HAS_ATTRIBUTE
18,size,,HAS_ATTRIBUTE
18,.,,
19,pH,DEFINIENDUM,
19,is,DEFINITOR,
19,a,DEFINITOR,
19,measure,GENUS,
19,of,,
19,the,,
19,acidity,,MEASURES
19,or,,MEASURES
19,alkalinity,,MEASURES
19,of,,MEASURES
19,aqueous,,MEASURES
19,solutions,,MEASURES
19,.,,
20,Carbonation,DEFINIENDUM,
20,is,DEFINITOR,
20,a,DEFINITOR,
20,step,GENUS,
20,in,,
20,the,,
20,complex,,
20,weathering,,HAS_RESULT
20,of,,HAS_RESULT
20,many,,HAS_RESULT
20,other,,HAS_RESULT
20,minerals,,HAS_RESULT
20,",",,
20,such,,
20,as,,
20,in,,
20,the,,
20,hydrolysis,,AFFECTS
20,of,,AFFECTS
20,feldspar,,AFFECTS
20,.,,
21,Laterite,DEFINIENDUM,
21,is,DEFINITOR,
21,a,DEFINITOR,
21,term,DEFINITOR,
21,used,DEFINITOR,
21,to,DEFINITOR,
21,describe,DEFINITOR,
21,weathering,,
21,deposits,GENUS,
21,rich,,
21,in,,
21,iron,,COMPOSITION_MEDIUM
21,and,,COMPOSITION_MEDIUM
21,aluminium,,COMPOSITION_MEDIUM
21,.,,
22,Friction,DEFINIENDUM,
22,is,DEFINITOR,
22,a,DEFINITOR,
22,force,GENUS,
22,that,,HAS_FUNCTION
22,acts,,HAS_FUNCTION
22,against,,HAS_FUNCTION
22,gravity,,HAS_FUNCTION
22,and,,HAS_FUNCTION
22,resists,,HAS_FUNCTION
22,movement,,HAS_FUNCTION
22,.,,
23,Drainage,DEFINIENDUM,
23,density,DEFINIENDUM,
23,is,DEFINITOR,
23,a,DEFINITOR,
23,measure,GENUS,
23,of,,
23,how,,MEASURES
23,frequently,,MEASURES
23,streams,,MEASURES
23,occur,,MEASURES
23,on,,MEASURES
23,the,,MEASURES
23,land,,MEASURES
23,surface,,MEASURES
23,.,,
24,A,,
24,riegel,DEFINIENDUM,
24,is,DEFINITOR,
24,a,DEFINITOR,
24,rock,GENUS,
24,barrier,GENUS,
24,that,,HAS_LOCATION
24,sits,,HAS_LOCATION
24,across,,HAS_LOCATION
24,a,,HAS_LOCATION
24,valley,,HAS_LOCATION
24,",",,HAS_LOCATION
24,often,,HAS_LOCATION
24,where,,HAS_LOCATION
24,a,,HAS_LOCATION
24,band,,HAS_LOCATION
24,of,,HAS_LOCATION
24,hard,,HAS_LOCATION
24,rock,,HAS_LOCATION
24,outcrops,,HAS_LOCATION
24,.,,
25,A,,
25,sea,DEFINIENDUM,
25,cave,DEFINIENDUM,
25,is,DEFINITOR,
25,a,DEFINITOR,
25,hollow,GENUS,
25,excavated,,HAS_CAUSE
25,by,,HAS_CAUSE
25,waves,,HAS_CAUSE
25,in,,HAS_LOCATION
25,a,,HAS_LOCATION
25,zone,,HAS_LOCATION
25,of,,HAS_LOCATION
25,weakness,,HAS_LOCATION
25,on,,HAS_LOCATION
25,a,,HAS_LOCATION
25,cliff,,HAS_LOCATION
25,.,,
26,A,,
26,tidewater,DEFINIENDUM,
26,glacier,DEFINIENDUM,
26,is,DEFINITOR,
26,a,DEFINITOR,
26,glacier,GENUS,
26,that,,HAS_LOCATION
26,terminates,,HAS_LOCATION
26,in,,HAS_LOCATION
26,the,,HAS_LOCATION
26,sea,,HAS_LOCATION
26,",",,
26,where,,
26,it,,
26,usually,,
26,ends,,HAS_RESULT
26,in,,HAS_RESULT
26,an,,HAS_RESULT
26,ice,,HAS_RESULT
26,cliff,,HAS_RESULT
26,from,,HAS_RESULT
26,which,,HAS_RESULT
26,icebergs,,HAS_RESULT
26,are,,HAS_RESULT
26,discharged,,HAS_RESULT
26,.,,
27,A,,
27,light,DEFINIENDUM,
27,year,DEFINIENDUM,
27,is,DEFINITOR,
27,a,DEFINITOR,
27,unit,GENUS,DEFINED_AS
27,of,GENUS,DEFINED_AS
27,length,GENUS,DEFINED_AS
27,",",,DEFINED_AS
27,equal,,DEFINED_AS
27,to,,DEFINED_AS
27,just,,DEFINED_AS
27,under,,DEFINED_AS
27,10,,DEFINED_AS
27,trillion,,DEFINED_AS
27,km,,DEFINED_AS
27,.,,DEFINED_AS
28,Moraine,DEFINIENDUM,
28,is,DEFINITOR,
28,a,DEFINITOR,
28,material,GENUS,
28,transported,,HAS_CAUSE
28,by,,HAS_CAUSE
28,a,,HAS_CAUSE
28,glacier,,HAS_CAUSE
28,and,,HAS_CAUSE
28,then,,HAS_CAUSE
28,deposited,,HAS_CAUSE
28,.,,
29,Orogeny,DEFINIENDUM,
29,is,DEFINITOR,
29,a,DEFINITOR,
29,mountain,,HAS_RESULT
29,building,,HAS_RESULT
29,process,GENUS,
29,whereas,,
29,epeirogeny,,
29,is,,
29,continental,,
29,building,,
29,process,,
29,.,,
30,Morphometric,DEFINIENDUM,
30,analysis,DEFINIENDUM,
30,is,DEFINITOR,
30,a,DEFINITOR,
30,method,GENUS,
30,of,,
30,extracting,,HAS_FUNCTION
30,information,,HAS_FUNCTION
30,from,,HAS_FUNCTION
30,published,,HAS_FUNCTION
30,maps,,HAS_FUNCTION
30,.,,
31,The,,
31,profilometer,DEFINIENDUM,
31,is,DEFINITOR,
31,a,DEFINITOR,
31,comb,GENUS,
31,equipped,,HAS_ATTRIBUTE
31,with,,HAS_ATTRIBUTE
31,fine,,HAS_ATTRIBUTE
31,",",,HAS_ATTRIBUTE
31,closely,,HAS_ATTRIBUTE
31,spaced,,HAS_ATTRIBUTE
31,teeth,,HAS_ATTRIBUTE
31,that,,
31,advance,,HAS_FUNCTION
31,or,,HAS_FUNCTION
31,retreat,,HAS_FUNCTION
31,through,,HAS_FUNCTION
31,the,,HAS_FUNCTION
31,housing,,HAS_FUNCTION
31,when,,HAS_FUNCTION
31,depressed,,HAS_FUNCTION
31,against,,HAS_FUNCTION
31,a,,HAS_FUNCTION
31,rough,,HAS_FUNCTION
31,surface,,HAS_FUNCTION
31,.,,
32,Amino-acid,DEFINIENDUM,
32,geochronology,DEFINIENDUM,
32,is,DEFINITOR,
32,a,DEFINITOR,
32,relative-age,,
32,dating,GENUS,
32,technique,GENUS,
32,based,,DEFINED_AS
32,on,,DEFINED_AS
32,the,,DEFINED_AS
32,premise,,DEFINED_AS
32,that,,DEFINED_AS
32,proteins,,DEFINED_AS
32,in,,DEFINED_AS
32,bones,,DEFINED_AS
32,and,,DEFINED_AS
32,shells,,DEFINED_AS
32,are,,DEFINED_AS
32,affected,,DEFINED_AS
32,by,,DEFINED_AS
32,a,,DEFINED_AS
32,number,,DEFINED_AS
32,of,,DEFINED_AS
32,chemical,,DEFINED_AS
32,reactions,,DEFINED_AS
32,that,,DEFINED_AS
32,are,,DEFINED_AS
32,partly,,DEFINED_AS
32,time-dependent,,DEFINED_AS
32,.,,
33,An,,
33,anabranching,DEFINIENDUM,
33,alluvial,DEFINIENDUM,
33,river,DEFINIENDUM,
33,is,DEFINITOR,
33,a,DEFINITOR,
33,system,GENUS,HAS_FORM
33,of,,HAS_FORM
33,mul,,HAS_FORM
33,tiple,,HAS_FORM
33,channels,,HAS_FORM
33,characterized,,
33,by,,
33,vegetated,,
33,or,,
33,oth,,
33,erwise,,
33,stable,,
33,alluvial,,HAS_CAUSE
33,islands,,HAS_CAUSE
33,that,,HAS_CAUSE
33,divide,,HAS_CAUSE
33,flows,,HAS_CAUSE
33,at,,HAS_CAUSE
33,discharges,,HAS_CAUSE
33,up,,HAS_CAUSE
33,to,,HAS_CAUSE
33,bankfull,,HAS_CAUSE
33,.,,
34,An,,
34,earthquake,DEFINIENDUM,
34,is,DEFINITOR,
34,a,DEFINITOR,
34,vibration,GENUS,
34,or,,
34,oscillation,GENUS,
34,of,,
34,the,,
34,surface,,HAS_LOCATION
34,of,,HAS_LOCATION
34,the,,HAS_LOCATION
34,earth,,HAS_LOCATION
34,caused,,
34,by,,
34,sudden,,HAS_CAUSE
34,release,,HAS_CAUSE
34,of,,HAS_CAUSE
34,enormous,,HAS_CAUSE
34,pressure,,HAS_CAUSE
34,.,,
35,Coastal,DEFINIENDUM,
35,geomorphology,DEFINIENDUM,
35,is,DEFINITOR,
35,a,DEFINITOR,
35,branch,GENUS,
35,of,GENUS,
35,geomorphology,GENUS,
35,in,,
35,which,,
35,the,,
35,focus,,
35,is,,
35,on,,
35,the,,
35,area,,STUDIES
35,influenced,,STUDIES
35,by,,STUDIES
35,large,,STUDIES
35,bodies,,STUDIES
35,of,,STUDIES
35,water,,STUDIES
35,",",,STUDIES
35,including,,STUDIES
35,seas,,STUDIES
35,and,,STUDIES
35,oceans,,STUDIES
35,",",,STUDIES
35,and,,STUDIES
35,large,,STUDIES
35,lakes,,STUDIES
35,.,,STUDIES
36,A,,
36,tsunami,DEFINIENDUM,
36,is,DEFINITOR,
36,a,DEFINITOR,
36,series,GENUS,
36,of,GENUS,
36,ocean,GENUS,
36,waves,GENUS,
36,of,,
36,extremely,,HAS_ATTRIBUTE
36,long,,HAS_ATTRIBUTE
36,wave,,HAS_ATTRIBUTE
36,length,,HAS_ATTRIBUTE
36,and,,HAS_ATTRIBUTE
36,period,,HAS_ATTRIBUTE
36,that,,
36,is,,
36,generated,,
36,by,,
36,an,,
36,impulsive,,HAS_CAUSE
36,disturbance,,HAS_CAUSE
36,that,,HAS_CAUSE
36,displaces,,HAS_CAUSE
36,the,,HAS_CAUSE
36,water,,HAS_CAUSE
36,",",,HAS_CAUSE
36,rather,,HAS_CAUSE
36,than,,HAS_CAUSE
36,by,,HAS_CAUSE
36,the,,HAS_CAUSE
36,wind,,HAS_CAUSE
36,.,,HAS_CAUSE
37,Accuracy,DEFINIENDUM,
37,is,DEFINITOR,
37,a,DEFINITOR,
37,measure,GENUS,
37,of,,
37,how,,MEASURES
37,close,,MEASURES
37,an,,MEASURES
37,age,,MEASURES
37,is,,MEASURES
37,to,,MEASURES
37,the,,MEASURES
37,time,,MEASURES
37,of,,MEASURES
37,formation,,MEASURES
37,or,,MEASURES
37,death,,MEASURES
37,of,,MEASURES
37,the,,MEASURES
37,dated,,MEASURES
37,material,,MEASURES
37,.,,
38,Magnitude,DEFINIENDUM,
38,is,DEFINITOR,
38,a,DEFINITOR,
38,measure,GENUS,
38,of,,
38,the,,
38,amount,,MEASURES
38,of,,MEASURES
38,energy,,MEASURES
38,released,,MEASURES
38,by,,MEASURES
38,an,,MEASURES
38,earthquake,,MEASURES
38,",",,
38,and,,
38,it,,
38,is,,
38,proportional,,HAS_ATTRIBUTE
38,to,,HAS_ATTRIBUTE
38,the,,HAS_ATTRIBUTE
38,area,,HAS_ATTRIBUTE
38,of,,HAS_ATTRIBUTE
38,the,,HAS_ATTRIBUTE
38,rupture,,HAS_ATTRIBUTE
38,surface,,HAS_ATTRIBUTE
38,and,,HAS_ATTRIBUTE
38,to,,HAS_ATTRIBUTE
38,the,,HAS_ATTRIBUTE
38,amount,,HAS_ATTRIBUTE
38,of,,HAS_ATTRIBUTE
38,displacement,,HAS_ATTRIBUTE
38,.,,
39,A,,
39,mantle,DEFINIENDUM,
39,plume,DEFINIENDUM,
39,is,DEFINITOR,
39,a,DEFINITOR,
39,column,GENUS,
39,of,,
39,hot,,COMPOSITION_MEDIUM
39,rock,,COMPOSITION_MEDIUM
39,(,,COMPOSITION_MEDIUM
39,not,,COMPOSITION_MEDIUM
39,magma,,COMPOSITION_MEDIUM
39,),,COMPOSITION_MEDIUM
39,that,,
39,ascends,,HAS_LOCATION
39,toward,,HAS_LOCATION
39,the,,HAS_LOCATION
39,surface,,HAS_LOCATION
39,from,,HAS_LOCATION
39,the,,HAS_LOCATION
39,lowermantle,,HAS_LOCATION
39,.,,
40,Aiguille,DEFINIENDUM,
40,is,DEFINITOR,
40,a,DEFINITOR,
40,sharply,,HAS_FORM
40,pointed,,HAS_FORM
40,rock,GENUS,
40,outcrop,GENUS,
40,or,,
40,peak,GENUS,
40,",",,
40,very,,
40,often,,
40,produced,,
40,by,,
40,intense,,HAS_CAUSE
40,frost,,HAS_CAUSE
40,action,,HAS_CAUSE
40,in,,
40,mountainous,,HAS_LOCATION
40,regions,,HAS_LOCATION
40,",",,HAS_LOCATION
40,such,,HAS_LOCATION
40,as,,HAS_LOCATION
40,the,,HAS_LOCATION
40,Alps,,HAS_LOCATION
40,.,,
41,Dissolution,DEFINIENDUM,
41,is,DEFINITOR,
41,the,DEFINITOR,
41,process,GENUS,
41,whereby,,HAS_RESULT
41,a,,HAS_RESULT
41,rock,,HAS_RESULT
41,",",,HAS_RESULT
41,or,,HAS_RESULT
41,parts,,HAS_RESULT
41,of,,HAS_RESULT
41,a,,HAS_RESULT
41,rock,,HAS_RESULT
41,",",,HAS_RESULT
41,combine,,HAS_RESULT
41,with,,HAS_RESULT
41,water,,HAS_RESULT
41,to,,HAS_RESULT
41,form,,HAS_RESULT
41,a,,HAS_RESULT
41,solution,,HAS_RESULT
41,.,,
42,Dome,DEFINIENDUM,
42,dune,DEFINIENDUM,
42,is,DEFINITOR,
42,a,DEFINITOR,
42,low,,HAS_FORM
42,",",,HAS_FORM
42,circular,,HAS_FORM
42,or,,HAS_FORM
42,oval,,HAS_FORM
42,mound,GENUS,
42,formed,,HAS_LOCATION
42,where,,HAS_LOCATION
42,dune,,HAS_LOCATION
42,height,,HAS_LOCATION
42,is,,HAS_LOCATION
42,inhibited,,HAS_LOCATION
42,by,,HAS_LOCATION
42,unobstructed,,HAS_LOCATION
42,strong,,HAS_LOCATION
42,winds,,HAS_LOCATION
42,.,,
43,Estuary,DEFINIENDUM,
43,is,DEFINITOR,
43,the,DEFINITOR,
43,seaward,,HAS_LOCATION
43,end,GENUS,
43,of,GENUS,
43,a,GENUS,
43,river,GENUS,
43,",",,
43,opening,,HAS_FORM
43,towards,,HAS_FORM
43,the,,HAS_FORM
43,sea,,HAS_FORM
43,",",,HAS_FORM
43,typically,,HAS_FORM
43,through,,HAS_FORM
43,a,,HAS_FORM
43,funnel-shaped,,HAS_FORM
43,inlet,,HAS_FORM
43,",",,
43,and,,
43,usually,,
43,subject,,
43,to,,
43,tidal,,AFFECTS
43,movements,,AFFECTS
43,and,,AFFECTS
43,incursions,,AFFECTS
43,of,,AFFECTS
43,salt,,AFFECTS
43,water,,AFFECTS
43,from,,AFFECTS
43,the,,AFFECTS
43,sea,,AFFECTS
43,.,,
44,Feeder,DEFINIENDUM,
44,beach,DEFINIENDUM,
44,is,DEFINITOR,
44,a,DEFINITOR,
44,beach,GENUS,
44,that,,
44,is,,
44,artificially,,HAS_FORM
44,widened,,HAS_FORM
44,and,,
44,nourishes,,HAS_FUNCTION
44,downdrift,,HAS_FUNCTION
44,beaches,,HAS_FUNCTION
44,by,,HAS_FUNCTION
44,natural,,HAS_FUNCTION
44,littoral,,HAS_FUNCTION
44,currents,,HAS_FUNCTION
44,or,,HAS_FUNCTION
44,forces,,HAS_FUNCTION
44,.,,
45,Flash,DEFINIENDUM,
45,is,DEFINITOR,
45,a,DEFINITOR,
45,depression,GENUS,
45,formed,,HAS_CAUSE
45,by,,HAS_CAUSE
45,subsidence,,HAS_CAUSE
45,",",,HAS_CAUSE
45,particularly,,HAS_CAUSE
45,as,,HAS_CAUSE
45,a,,HAS_CAUSE
45,result,,HAS_CAUSE
45,of,,HAS_CAUSE
45,the,,HAS_CAUSE
45,solution,,HAS_CAUSE
45,of,,HAS_CAUSE
45,evaporite,,HAS_CAUSE
45,beds,,HAS_CAUSE
45,.,,HAS_CAUSE
46,Floodplain,DEFINIENDUM,
46,is,DEFINITOR,
46,a,DEFINITOR,
46,relatively,,
46,flat,,
46,alluvial,,
46,landform,GENUS,
46,",",,
46,constructed,,
46,largely,,
46,by,,
46,the,,
46,flow,,HAS_CAUSE
46,regime,,HAS_CAUSE
46,of,,HAS_CAUSE
46,the,,HAS_CAUSE
46,present,,HAS_CAUSE
46,river,,HAS_CAUSE
46,and,,
46,subject,,HAS_ATTRIBUTE
46,to,,HAS_ATTRIBUTE
46,flooding,,HAS_ATTRIBUTE
46,.,,
47,Terracette,DEFINIENDUM,
47,is,DEFINITOR,
47,a,DEFINITOR,
47,small,,HAS_SIZE
47,terrace,GENUS,
47,that,,
47,forms,,
47,a,,
47,step,,HAS_FORM
47,on,,HAS_FORM
47,a,,HAS_FORM
47,hillside,,HAS_FORM
47,.,,
47,They,,
47,often,,
47,occur,,
47,in,,
47,near,,HAS_FORM
47,parallel,,HAS_FORM
47,series,,HAS_FORM
47,running,,
47,approximately,,
47,along,,HAS_LOCATION
47,the,,HAS_LOCATION
47,contours,,HAS_LOCATION
47,of,,HAS_LOCATION
47,a,,HAS_LOCATION
47,hillslope,,HAS_LOCATION
47,.,,
48,Colloids,DEFINIENDUM,
48,are,DEFINITOR,
48,particles,GENUS,
48,of,,
48,organic,,COMPOSITION_MEDIUM
48,and,,COMPOSITION_MEDIUM
48,mineral,,COMPOSITION_MEDIUM
48,substances,,COMPOSITION_MEDIUM
48,that,,
48,range,,
48,in,,
48,size,,
48,from,,HAS_SIZE
48,1,,HAS_SIZE
48,to,,HAS_SIZE
48,100,,HAS_SIZE
48,nm,,HAS_SIZE
48,.,,
49,Rills,DEFINIENDUM,
49,are,DEFINITOR,
49,tiny,,HAS_SIZE
49,hillside,,HAS_LOCATION
49,channels,GENUS,
49,a,,
49,few,,HAS_SIZE
49,centimetres,,HAS_SIZE
49,wide,,HAS_SIZE
49,and,,HAS_SIZE
49,deep,,HAS_SIZE
49,that,,
49,are,,
49,cut,,
49,by,,
49,ephemeral,,HAS_CAUSE
49,rivulets,,HAS_CAUSE
49,.,,
50,Cirques,DEFINIENDUM,
50,are,DEFINITOR,
50,typically,,
50,armchair-shaped,,HAS_FORM
50,hollows,GENUS,
50,that,,
50,form,,
50,in,,
50,mountainous,,HAS_LOCATION
50,terrain,,HAS_LOCATION
50,.,,
51,Lunate,DEFINIENDUM,
51,features,DEFINIENDUM,
51,are,DEFINITOR,
51,fractures,GENUS,
51,shaped,,HAS_FORM
51,like,,HAS_FORM
51,crescents,,HAS_FORM
51,with,,HAS_FORM
51,the,,HAS_FORM
51,concavity,,HAS_FORM
51,facing,,HAS_FORM
51,the,,HAS_FORM
51,direction,,HAS_FORM
51,of,,HAS_FORM
51,ice,,HAS_FORM
51,flow,,HAS_FORM
51,.,,
52,Geer,DEFINIENDUM,
52,moraines,DEFINIENDUM,
52,or,,
52,washboard,DEFINIENDUM,
52,moraines,DEFINIENDUM,
52,are,DEFINITOR,
52,series,,
52,of,,
52,small,,HAS_SIZE
52,and,,
52,roughly,,HAS_FORM
52,parallel,,HAS_FORM
52,ridges,GENUS,
52,of,GENUS,
52,till,GENUS,
52,that,,
52,are,,
52,ordinarily,,
52,associated,,HAS_CAUSE
52,with,,HAS_CAUSE
52,lakes,,HAS_CAUSE
52,or,,HAS_CAUSE
52,former,,HAS_CAUSE
52,lakes,,HAS_CAUSE
52,.,,
53,Eskers,DEFINIENDUM,
53,are,DEFINITOR,
53,the,,
53,chief,,
53,landform,GENUS,
53,created,,HAS_CAUSE
53,by,,HAS_CAUSE
53,subglacial,,HAS_CAUSE
53,meltwater,,HAS_CAUSE
53,and,,
53,form,,
53,by,,
53,the,,
53,infilling,,HAS_CAUSE
53,of,,HAS_CAUSE
53,subglacial,,HAS_CAUSE
53,or,,HAS_CAUSE
53,englacial,,HAS_CAUSE
53,channels,,HAS_CAUSE
53,or,,HAS_CAUSE
53,by,,HAS_CAUSE
53,sedimentation,,HAS_CAUSE
53,in,,HAS_CAUSE
53,supraglacial,,HAS_CAUSE
53,channels,,HAS_CAUSE
53,.,,
54,Icing,DEFINIENDUM,
54,blisters,DEFINIENDUM,
54,are,DEFINITOR,
54,ice,GENUS,
54,mounds,GENUS,
54,created,,
54,by,,
54,groundwater,,HAS_CAUSE
54,injected,,HAS_CAUSE
54,at,,HAS_CAUSE
54,high,,HAS_CAUSE
54,pressure,,HAS_CAUSE
54,between,,HAS_CAUSE
54,icing,,HAS_CAUSE
54,layers,,HAS_CAUSE
54,.,,
55,Thermokarst,DEFINIENDUM,
55,is,DEFINITOR,
55,irregular,,HAS_FORM
55,terrain,GENUS,
55,characterized,,
55,by,,
55,topographic,,CONTAINS
55,depressions,,CONTAINS
55,with,,CONTAINS
55,hummocks,,CONTAINS
55,between,,CONTAINS
55,them,,CONTAINS
55,.,,
56,Solifluction,DEFINIENDUM,
56,is,DEFINITOR,
56,an,DEFINITOR,
56,important,,
56,periglacial,,HAS_LOCATION
56,process,GENUS,
56,and,,
56,forms,,
56,sheets,,HAS_RESULT
56,",",,HAS_RESULT
56,lobes,,HAS_RESULT
56,",",,HAS_RESULT
56,terraces,,HAS_RESULT
56,",",,HAS_RESULT
56,and,,HAS_RESULT
56,ploughing,,HAS_RESULT
56,boulders,,HAS_RESULT
56,.,,
57,Dunes,DEFINIENDUM,
57,are,DEFINITOR,
57,collections,,
57,of,,
57,loose,,COMPOSITION_MEDIUM
57,sand,GENUS,COMPOSITION_MEDIUM
57,built,,
57,piecemeal,,HAS_CAUSE
57,by,,HAS_CAUSE
57,the,,HAS_CAUSE
57,wind,,HAS_CAUSE
57,.,,
58,Blowouts,DEFINIENDUM,
58,are,DEFINITOR,
58,depressions,GENUS,
58,created,,
58,by,,
58,the,,
58,deflation,,HAS_CAUSE
58,of,,HAS_CAUSE
58,loose,,HAS_CAUSE
58,sand,,HAS_CAUSE
58,partly,,HAS_CAUSE
58,bound,,HAS_CAUSE
58,by,,HAS_CAUSE
58,plant,,HAS_CAUSE
58,roots,,HAS_CAUSE
58,.,,
59,Tombolos,DEFINIENDUM,
59,are,DEFINITOR,
59,wave-built,,
59,ridges,GENUS,
59,of,,
59,beach,,COMPOSITION_MEDIUM
59,material,,COMPOSITION_MEDIUM
59,connecting,,HAS_FUNCTION
59,islands,,HAS_FUNCTION
59,to,,HAS_FUNCTION
59,the,,HAS_FUNCTION
59,mainland,,HAS_FUNCTION
59,or,,HAS_FUNCTION
59,islands,,HAS_FUNCTION
59,to,,HAS_FUNCTION
59,islands,,HAS_FUNCTION
59,.,,
60,Erosion,DEFINIENDUM,
60,is,DEFINITOR,
60,a,DEFINITOR,
60,hydraulic,GENUS,
60,action,GENUS,
60,",",,
60,derived,,
60,from,,
60,the,,HAS_CAUSE
60,energy,,HAS_CAUSE
60,of,,HAS_CAUSE
60,running,,HAS_CAUSE
60,water,,HAS_CAUSE
60,.,,
61,Basin,DEFINIENDUM,
61,morphometry,DEFINIENDUM,
61,is,DEFINITOR,
61,a,DEFINITOR,
61,function,GENUS,DEFINED_AS
61,of,,DEFINED_AS
61,stream,,DEFINED_AS
61,order,,DEFINED_AS
61,and,,DEFINED_AS
61,drainage,,DEFINED_AS
61,patterns,,DEFINED_AS
61,.,,DEFINED_AS
62,An,,
62,iceberg,DEFINIENDUM,
62,is,DEFINITOR,
62,a,DEFINITOR,
62,piece,GENUS,
62,of,GENUS,
62,ice,GENUS,
62,that,,HAS_CAUSE
62,has,,HAS_CAUSE
62,broken,,HAS_CAUSE
62,from,,HAS_CAUSE
62,an,,HAS_CAUSE
62,ice,,HAS_CAUSE
62,shelf,,HAS_CAUSE
62,and,,
62,that,,HAS_LOCATION
62,floats,,HAS_LOCATION
62,in,,HAS_LOCATION
62,the,,HAS_LOCATION
62,Ocean,,HAS_LOCATION
62,.,,
63,Abrasion,DEFINIENDUM,
63,is,DEFINITOR,
63,a,DEFINITOR,
63,particle-by-particle,,HAS_ATTRIBUTE
63,erosion,,HAS_ATTRIBUTE
63,process,GENUS,
63,and,,
63,produces,,
63,large,,HAS_RESULT
63,amounts,,HAS_RESULT
63,of,,HAS_RESULT
63,silt-sized,,HAS_RESULT
63,(,,HAS_RESULT
63,0.002,,HAS_RESULT
63,-,,HAS_RESULT
63,0.0625,,HAS_RESULT
63,mm,,HAS_RESULT
63,),,HAS_RESULT
63,sediments,,HAS_RESULT
63,.,,
64,An,,
64,aquifer,DEFINIENDUM,
64,is,DEFINITOR,
64,defined,DEFINITOR,
64,as,DEFINITOR,
64,a,DEFINITOR,
64,body,GENUS,
64,of,GENUS,
64,rock,GENUS,COMPOSITION_MEDIUM
64,or,,COMPOSITION_MEDIUM
64,unconsolidated,,COMPOSITION_MEDIUM
64,sediment,GENUS,COMPOSITION_MEDIUM
64,that,,HAS_FUNCTION
64,has,,HAS_FUNCTION
64,sufficient,,HAS_FUNCTION
64,permeability,,HAS_FUNCTION
64,to,,HAS_FUNCTION
64,allow,,HAS_FUNCTION
64,water,,HAS_FUNCTION
64,to,,HAS_FUNCTION
64,flow,,HAS_FUNCTION
64,through,,HAS_FUNCTION
64,it,,HAS_FUNCTION
64,.,,
65,The,DEFINITOR,
65,term,DEFINITOR,
65,arenite,DEFINIENDUM,
65,applies,DEFINITOR,
65,to,DEFINITOR,
65,a,DEFINITOR,
65,so-called,,
65,clean,,
65,sandstone,GENUS,
65,",",,
65,meaning,,
65,one,,
65,with,,
65,less,,COMPOSITION_MEDIUM
65,than,,COMPOSITION_MEDIUM
65,15%,,COMPOSITION_MEDIUM
65,silt,,COMPOSITION_MEDIUM
65,and,,COMPOSITION_MEDIUM
65,clay,,COMPOSITION_MEDIUM
65,.,,
66,A,,
66,periglacial,DEFINIENDUM,
66,environment,DEFINIENDUM,
66,is,DEFINITOR,
66,defined,DEFINITOR,
66,as,DEFINITOR,
66,any,,
66,place,GENUS,
66,where,,DEFINED_AS
66,the,,DEFINED_AS
66,geomorphic,,DEFINED_AS
66,processes,,DEFINED_AS
66,related,,DEFINED_AS
66,to,,DEFINED_AS
66,the,,DEFINED_AS
66,freezing,,DEFINED_AS
66,of,,DEFINED_AS
66,water,,DEFINED_AS
66,occurs,,DEFINED_AS
66,.,,
67,A,,
67,bay,DEFINIENDUM,
67,is,DEFINITOR,
67,a,DEFINITOR,
67,water,GENUS,
67,body,GENUS,
67,having,,HAS_SIZE
67,a,,HAS_SIZE
67,baymouth,,HAS_SIZE
67,less,,HAS_SIZE
67,than,,HAS_SIZE
67,24,,HAS_SIZE
67,nautical,,HAS_SIZE
67,miles,,HAS_SIZE
67,wide,,HAS_SIZE
67,and,,
67,an,,HAS_SIZE
67,area,,HAS_SIZE
67,that,,HAS_SIZE
67,is,,HAS_SIZE
67,equal,,HAS_SIZE
67,to,,HAS_SIZE
67,or,,HAS_SIZE
67,greater,,HAS_SIZE
67,than,,HAS_SIZE
67,the,,HAS_SIZE
67,area,,HAS_SIZE
67,of,,HAS_SIZE
67,a,,HAS_SIZE
67,semicircle,,HAS_SIZE
67,whose,,HAS_SIZE
67,diameter,,HAS_SIZE
67,is,,HAS_SIZE
67,equal,,HAS_SIZE
67,to,,HAS_SIZE
67,the,,HAS_SIZE
67,width,,HAS_SIZE
67,of,,HAS_SIZE
67,the,,HAS_SIZE
67,baymouth,,HAS_SIZE
68,An,,
68,isolated,DEFINIENDUM,
68,system,DEFINIENDUM,
68,is,DEFINITOR,
68,a,DEFINITOR,
68,system,GENUS,
68,that,,
68,is,,
68,completely,,
68,cut,,HAS_FORM
68,off,,HAS_FORM
68,from,,HAS_FORM
68,its,,HAS_FORM
68,surroundings,,HAS_FORM
68,and,,
68,that,,
68,cannot,,HAS_RESULT
68,therefore,,HAS_RESULT
68,import,,HAS_RESULT
68,or,,HAS_RESULT
68,export,,HAS_RESULT
68,matter,,HAS_RESULT
68,or,,HAS_RESULT
68,energy,,HAS_RESULT
68,.,,
69,A,,
69,fault,DEFINIENDUM,
69,is,DEFINITOR,
69,a,DEFINITOR,
69,fracture,GENUS,
69,along,,
69,which,,
69,movement,,HAS_RESULT
69,associated,,HAS_RESULT
69,with,,HAS_RESULT
69,an,,HAS_RESULT
69,earthquake,,HAS_RESULT
69,has,,HAS_RESULT
69,taken,,HAS_RESULT
69,place,,HAS_RESULT
69,",",,
69,one,,HAS_ATTRIBUTE
69,side,,HAS_ATTRIBUTE
69,of,,HAS_ATTRIBUTE
69,the,,HAS_ATTRIBUTE
69,fault,,HAS_ATTRIBUTE
69,moving,,HAS_ATTRIBUTE
69,differentially,,HAS_ATTRIBUTE
69,to,,HAS_ATTRIBUTE
69,the,,HAS_ATTRIBUTE
69,other,,HAS_ATTRIBUTE
69,side,,HAS_ATTRIBUTE
69,.,,
70,Honeycomb,DEFINIENDUM,
70,weathering,DEFINIENDUM,
70,is,DEFINITOR,
70,a,DEFINITOR,
70,term,DEFINITOR,
70,used,DEFINITOR,
70,to,DEFINITOR,
70,describe,DEFINITOR,
70,numerous,,HAS_RESULT
70,small,,HAS_RESULT
70,pits,,HAS_RESULT
70,or,,HAS_RESULT
70,alveoli,,HAS_RESULT
70,",",,
70,no,,HAS_SIZE
70,more,,HAS_SIZE
70,than,,HAS_SIZE
70,a,,HAS_SIZE
70,few,,HAS_SIZE
70,centimetres,,HAS_SIZE
70,wide,,HAS_SIZE
70,and,,HAS_SIZE
70,deep,,HAS_SIZE
70,",",,
70,separated,,
70,by,,
70,an,,
70,intricate,,
70,network,,
70,of,,
70,narrow,,
70,walls,,
70,and,,
70,resembling,,HAS_FORM
70,a,,HAS_FORM
70,honeycomb,,HAS_FORM
70,.,,HAS_FORM
71,Tectonic,DEFINIENDUM,
71,denudation,DEFINIENDUM,
71,is,DEFINITOR,
71,a,DEFINITOR,
71,term,DEFINITOR,
71,that,DEFINITOR,
71,describes,DEFINITOR,
71,the,DEFINITOR,
71,unloading,GENUS,
71,of,,
71,mountains,,
71,by,,
71,gravity,,HAS_CAUSE
71,sliding,,HAS_CAUSE
71,and,,HAS_CAUSE
71,spreading,,HAS_CAUSE
71,.,,
72,Permafrost,DEFINIENDUM,
72,is,DEFINITOR,
72,soil,GENUS,
72,or,,
72,rock,GENUS,
72,that,,
72,remains,,HAS_FORM
72,frozen,,HAS_FORM
72,for,,
72,two,,OCCURS_IN_TIME
72,or,,OCCURS_IN_TIME
72,more,,OCCURS_IN_TIME
72,consecutive,,OCCURS_IN_TIME
72,years,,OCCURS_IN_TIME
72,.,,OCCURS_IN_TIME
73,A,,
73,ground,DEFINIENDUM,
73,moraine,DEFINIENDUM,
73,is,DEFINITOR,
73,a,DEFINITOR,
73,blanket,GENUS,
73,of,,
73,mixed,,COMPOSITION_MEDIUM
73,glacial,,COMPOSITION_MEDIUM
73,sediments,,COMPOSITION_MEDIUM
73,-,,COMPOSITION_MEDIUM
73,mainly,,COMPOSITION_MEDIUM
73,tills,,COMPOSITION_MEDIUM
73,and,,COMPOSITION_MEDIUM
73,other,,COMPOSITION_MEDIUM
73,diamictons,,COMPOSITION_MEDIUM
73,-,,
73,formed,,
73,beneath,,HAS_LOCATION
73,a,,HAS_LOCATION
73,glacier,,HAS_LOCATION
73,.,,
74,A,,
74,coral,DEFINIENDUM,
74,reef,DEFINIENDUM,
74,is,DEFINITOR,
74,a,DEFINITOR,
74,ridge,GENUS,
74,or,,
74,mound,GENUS,
74,built,,COMPOSITION_MEDIUM
74,of,,COMPOSITION_MEDIUM
74,the,,COMPOSITION_MEDIUM
74,skeletal,,COMPOSITION_MEDIUM
74,remains,,COMPOSITION_MEDIUM
74,of,,COMPOSITION_MEDIUM
74,generations,,COMPOSITION_MEDIUM
74,of,,COMPOSITION_MEDIUM
74,coral,,COMPOSITION_MEDIUM
74,animals,,COMPOSITION_MEDIUM
74,",",,
74,upon,,
74,which,,
74,grow,,
74,living,,HAS_CAUSE
74,coral,,HAS_CAUSE
74,polyps,,HAS_CAUSE
74,.,,
75,An,,
75,atoll,DEFINIENDUM,
75,is,DEFINITOR,
75,a,DEFINITOR,
75,ring,GENUS,
75,of,,COMPOSITION_MEDIUM
75,coral,,COMPOSITION_MEDIUM
75,reef,,COMPOSITION_MEDIUM
75,and,,COMPOSITION_MEDIUM
75,small,,COMPOSITION_MEDIUM
75,sandy,,COMPOSITION_MEDIUM
75,islands,GENUS,COMPOSITION_MEDIUM
75,that,,
75,encircles,,CONTAINS
75,a,,CONTAINS
75,shallow,,CONTAINS
75,lagoon,,CONTAINS
75,.,,
76,Weathering,DEFINIENDUM,
76,is,DEFINITOR,
76,a,DEFINITOR,
76,process,GENUS,
76,of,,
76,a,,
76,slow,,
76,continuous,,
76,breakdown,,HAS_RESULT
76,of,,HAS_RESULT
76,rocks,,HAS_RESULT
76,into,,HAS_RESULT
76,smaller,,HAS_RESULT
76,particles,,HAS_RESULT
76,that,,
76,are,,
76,in,,
76,equilibrium,,
76,with,,
76,the,,
76,prevailing,,
76,environment,,
77,Soil,DEFINIENDUM,
77,is,DEFINITOR,
77,a,DEFINITOR,
77,mixture,GENUS,
77,of,,
77,fine,,COMPOSITION_MEDIUM
77,mineral,,COMPOSITION_MEDIUM
77,fragments,,COMPOSITION_MEDIUM
77,(,,COMPOSITION_MEDIUM
77,including,,COMPOSITION_MEDIUM
77,quartz,,COMPOSITION_MEDIUM
77,and,,COMPOSITION_MEDIUM
77,clay,,COMPOSITION_MEDIUM
77,minerals,,COMPOSITION_MEDIUM
77,),,COMPOSITION_MEDIUM
77,",",,
77,organic,,COMPOSITION_MEDIUM
77,matter,,COMPOSITION_MEDIUM
77,",",,
77,and,,CONTAINS
77,empty,,CONTAINS
77,spaces,,CONTAINS
77,that,,
77,may,,
77,be,,
77,partially,,
77,filled,,
77,with,,
77,water,,
77,.,,
78,A,,
78,clast,DEFINIENDUM,
78,is,DEFINITOR,
78,a,DEFINITOR,
78,fragment,GENUS,
78,of,,
78,rock,,COMPOSITION_MEDIUM
78,or,,COMPOSITION_MEDIUM
78,mineral,,COMPOSITION_MEDIUM
78,",",,
78,ranging,,
78,in,,
78,size,,
78,from,,
78,less,,HAS_SIZE
78,than,,HAS_SIZE
78,a,,HAS_SIZE
78,micron,,HAS_SIZE
78,(,,HAS_SIZE
78,too,,HAS_SIZE
78,small,,HAS_SIZE
78,to,,HAS_SIZE
78,see,,HAS_SIZE
78,),,HAS_SIZE
78,to,,HAS_SIZE
78,as,,HAS_SIZE
78,big,,HAS_SIZE
78,as,,HAS_SIZE
78,an,,HAS_SIZE
78,apartment,,HAS_SIZE
78,block,,HAS_SIZE
78,.,,
79,The,,
79,term,,
79,preglacial,DEFINIENDUM,
79,landform,DEFINIENDUM,
79,refers,DEFINITOR,
79,to,DEFINITOR,
79,any,,
79,landform,GENUS,
79,older,,OCCURS_IN_TIME
79,than,,OCCURS_IN_TIME
79,a,,OCCURS_IN_TIME
79,specified,,OCCURS_IN_TIME
79,glaciation,,OCCURS_IN_TIME
79,.,,
80,Clast,DEFINIENDUM,
80,shape,DEFINIENDUM,
80,is,DEFINITOR,
80,a,DEFINITOR,
80,measure,GENUS,
80,of,,
80,the,,
80,overall,,MEASURES
80,shape,,MEASURES
80,of,,MEASURES
80,a,,MEASURES
80,particle,,MEASURES
80,.,,
81,A,,
81,profilometer,DEFINIENDUM,
81,is,DEFINITOR,
81,a,DEFINITOR,
81,comb,GENUS,
81,equipped,,HAS_ATTRIBUTE
81,with,,HAS_ATTRIBUTE
81,fine,,HAS_ATTRIBUTE
81,",",,HAS_ATTRIBUTE
81,closely,,HAS_ATTRIBUTE
81,spaced,,HAS_ATTRIBUTE
81,teeth,,HAS_ATTRIBUTE
81,that,,
81,advance,,HAS_FUNCTION
81,or,,HAS_FUNCTION
81,retreat,,HAS_FUNCTION
81,through,,HAS_FUNCTION
81,the,,HAS_FUNCTION
81,housing,,HAS_FUNCTION
81,when,,HAS_FUNCTION
81,depressed,,HAS_FUNCTION
81,against,,HAS_FUNCTION
81,a,,HAS_FUNCTION
81,rough,,HAS_FUNCTION
81,surface,,HAS_FUNCTION
81,.,,
82,Amino-acid,DEFINIENDUM,
82,geochronology,DEFINIENDUM,
82,is,GENUS,
82,a,GENUS,
82,relative-age,,HAS_FUNCTION
82,dating,,HAS_FUNCTION
82,technique,GENUS,
82,based,,HAS_ATTRIBUTE
82,on,,HAS_ATTRIBUTE
82,the,,HAS_ATTRIBUTE
82,premise,,HAS_ATTRIBUTE
82,that,,HAS_ATTRIBUTE
82,proteins,,HAS_ATTRIBUTE
82,in,,HAS_ATTRIBUTE
82,bones,,HAS_ATTRIBUTE
82,and,,HAS_ATTRIBUTE
82,shells,,HAS_ATTRIBUTE
82,are,,HAS_ATTRIBUTE
82,affected,,HAS_ATTRIBUTE
82,by,,HAS_ATTRIBUTE
82,a,,HAS_ATTRIBUTE
82,number,,HAS_ATTRIBUTE
82,of,,HAS_ATTRIBUTE
82,chemical,,HAS_ATTRIBUTE
82,reactions,,HAS_ATTRIBUTE
82,that,,HAS_ATTRIBUTE
82,are,,HAS_ATTRIBUTE
82,partly,,HAS_ATTRIBUTE
82,time-dependent,,HAS_ATTRIBUTE
82,.,,
83,A,,
83,suture,DEFINIENDUM,
83,is,DEFINITOR,
83,a,DEFINITOR,
83,surface,GENUS,
83,or,,
83,zone,GENUS,
83,separating,,HAS_FUNCTION
83,two,,HAS_FUNCTION
83,non-subductable,,HAS_FUNCTION
83,pieces,,HAS_FUNCTION
83,of,,HAS_FUNCTION
83,crust,,HAS_FUNCTION
83,that,,HAS_FUNCTION
83,are,,HAS_FUNCTION
83,juxtaposed,,HAS_FUNCTION
83,following,,HAS_CAUSE
83,disappearance,,HAS_CAUSE
83,of,,HAS_CAUSE
83,an,,HAS_CAUSE
83,intervening,,HAS_CAUSE
83,ocean,,HAS_CAUSE
83,.,,HAS_CAUSE
84,A,,
84,paleoseismic,DEFINIENDUM,
84,record,DEFINIENDUM,
84,is,DEFINITOR,
84,a,DEFINITOR,
84,record,GENUS,
84,of,,HAS_ATTRIBUTE
84,large,,HAS_ATTRIBUTE
84,or,,HAS_ATTRIBUTE
84,great,,HAS_ATTRIBUTE
84,earthquakes,,HAS_ATTRIBUTE
84,(,,
84,because,,HAS_CAUSE
84,geologic,,HAS_CAUSE
84,evidence,,HAS_CAUSE
84,of,,HAS_CAUSE
84,small,,HAS_CAUSE
84,and,,HAS_CAUSE
84,moderate-sized,,HAS_CAUSE
84,earthquakes,,HAS_CAUSE
84,is,,HAS_CAUSE
84,rarely,,HAS_CAUSE
84,created,,HAS_CAUSE
84,or,,HAS_CAUSE
84,preserved,,HAS_CAUSE
84,near,,HAS_CAUSE
84,the,,HAS_CAUSE
84,surface,,HAS_CAUSE
84,),,
84,.,,
85,Glaciers,DEFINIENDUM,
85,are,DEFINITOR,
85,large,,HAS_SIZE
85,masses,GENUS,
85,of,GENUS,
85,ice,GENUS,
85,formed,,
85,of,,
85,compressed,,COMPOSITION_MEDIUM
85,snow,,COMPOSITION_MEDIUM
85,that,,
85,move,,HAS_FUNCTION
85,slowly,,HAS_FUNCTION
85,under,,HAS_FUNCTION
85,their,,HAS_FUNCTION
85,own,,HAS_FUNCTION
85,weight,,HAS_FUNCTION
85,.,,
86,Sills,DEFINIENDUM,
86,are,DEFINITOR,
86,concordant,,
86,intrusions,GENUS,
86,and,,
86,frequently,,
86,form,,
86,resistant,,HAS_FORM
86,",",,HAS_FORM
86,tabular,,HAS_FORM
86,bands,,HAS_FORM
86,within,,HAS_FORM
86,sedimentary,,HAS_FORM
86,beds,,HAS_FORM
86,",",,
86,although,,
86,they,,
86,may,,HAS_LOCATION
86,cross,,HAS_LOCATION
86,beds,,HAS_LOCATION
86,to,,HAS_LOCATION
86,spread,,HAS_LOCATION
86,along,,HAS_LOCATION
86,other,,HAS_LOCATION
86,bedding,,HAS_LOCATION
86,planes,,HAS_LOCATION
86,.,,
87,Laccoliths,DEFINIENDUM,
87,are,DEFINITOR,
87,sills,GENUS,
87,that,,HAS_RESULT
87,have,,HAS_RESULT
87,thickened,,HAS_RESULT
87,to,,HAS_RESULT
87,produce,,HAS_RESULT
87,domes,,HAS_RESULT
87,.,,
88,Phacoliths,DEFINIENDUM,
88,are,DEFINITOR,
88,lens-shaped,,HAS_FORM
88,masses,GENUS,
88,seated,,HAS_LOCATION
88,in,,HAS_LOCATION
88,anticlinal,,HAS_LOCATION
88,crests,,HAS_LOCATION
88,and,,HAS_LOCATION
88,synclinal,,HAS_LOCATION
88,troughs,,HAS_LOCATION
88,.,,
89,Blockfields,DEFINIENDUM,
89,are,DEFINITOR,
89,large,,HAS_SIZE
89,expanses,,HAS_SIZE
89,of,,COMPOSITION_MEDIUM
89,coarse,,COMPOSITION_MEDIUM
89,and,,COMPOSITION_MEDIUM
89,angular,,COMPOSITION_MEDIUM
89,rock,GENUS,COMPOSITION_MEDIUM
89,rubble,GENUS,COMPOSITION_MEDIUM
89,.,,COMPOSITION_MEDIUM
90,Grab,DEFINIENDUM,
90,samplers,DEFINIENDUM,
90,are,DEFINITOR,
90,buckets,GENUS,
90,or,,
90,segments,GENUS,
90,that,,
90,drive,,HAS_FUNCTION
90,into,,HAS_FUNCTION
90,the,,HAS_FUNCTION
90,sediment,,HAS_FUNCTION
90,layer,,HAS_FUNCTION
90,and,,HAS_FUNCTION
90,enclose,,HAS_FUNCTION
90,and,,HAS_FUNCTION
90,retain,,HAS_FUNCTION
90,a,,HAS_FUNCTION
90,layer,,HAS_FUNCTION
90,.,,
91,Ophiolites,DEFINIENDUM,
91,are,DEFINITOR,
91,sections,GENUS,
91,of,,
91,the,,
91,earth's,,HAS_LOCATION
91,oceanic,,HAS_LOCATION
91,crust,,HAS_LOCATION
91,and,,HAS_LOCATION
91,the,,HAS_LOCATION
91,underlying,,HAS_LOCATION
91,upper,,HAS_LOCATION
91,mantle,,HAS_LOCATION
91,that,,
91,have,,
91,been,,
91,uplifted,,HAS_CAUSE
91,or,,HAS_CAUSE
91,emplaced,,HAS_CAUSE
91,and,,HAS_CAUSE
91,exposed,,HAS_CAUSE
91,within,,
91,the,,
91,continental,,HAS_LOCATION
91,crustal,,HAS_LOCATION
91,rocks,,HAS_LOCATION
91,.,,
92,Collisions,DEFINIENDUM,
92,are,DEFINITOR,
92,zones,GENUS,
92,where,,HAS_LOCATION
92,a,,HAS_LOCATION
92,continent,,HAS_LOCATION
92,",",,HAS_LOCATION
92,island,,HAS_LOCATION
92,arc,,HAS_LOCATION
92,",",,HAS_LOCATION
92,oceanic,,HAS_LOCATION
92,plateau,,HAS_LOCATION
92,",",,HAS_LOCATION
92,or,,HAS_LOCATION
92,other,,HAS_LOCATION
92,thick,,HAS_LOCATION
92,piece,,HAS_LOCATION
92,of,,HAS_LOCATION
92,crust,,HAS_LOCATION
92,on,,HAS_LOCATION
92,a,,HAS_LOCATION
92,downgoing,,HAS_LOCATION
92,plate,,HAS_LOCATION
92,arrives,,HAS_LOCATION
92,at,,HAS_LOCATION
92,a,,HAS_LOCATION
92,subduction,,HAS_LOCATION
92,zone,,HAS_LOCATION
92,.,,HAS_LOCATION
93,Volcanic,DEFINIENDUM,
93,rift,DEFINIENDUM,
93,zones,DEFINIENDUM,
93,are,,
93,belts,GENUS,
93,of,,
93,aligned,,COMPOSITION_MEDIUM
93,volcanic,,COMPOSITION_MEDIUM
93,vents,,COMPOSITION_MEDIUM
93,and,,COMPOSITION_MEDIUM
93,associated,,COMPOSITION_MEDIUM
93,magma-induced,,COMPOSITION_MEDIUM
93,extensional,,COMPOSITION_MEDIUM
93,structures,,COMPOSITION_MEDIUM
93,such,,
93,as,,
93,subparallel,,CONTAINS
93,normal,,CONTAINS
93,faults,,CONTAINS
93,",",,CONTAINS
93,anastomosing,,CONTAINS
93,tensile,,CONTAINS
93,cracks,,CONTAINS
93,",",,CONTAINS
93,monoclines,,CONTAINS
93,",",,CONTAINS
93,and,,CONTAINS
93,eruptive,,CONTAINS
93,fissure,,CONTAINS
93,.,,
94,Landslides,DEFINIENDUM,
94,are,DEFINITOR,
94,disequilibrium,,HAS_ATTRIBUTE
94,landforms,GENUS,
94,that,,HAS_RESULT
94,change,,HAS_RESULT
94,through,,HAS_RESULT
94,time,,HAS_RESULT
94,more,,HAS_RESULT
94,rapidly,,HAS_RESULT
94,than,,HAS_RESULT
94,surrounding,,HAS_RESULT
94,terrain,,HAS_RESULT
94,.,,
95,Consociations,DEFINIENDUM,
95,are,,
95,map,GENUS,
95,units,GENUS,
95,which,,
95,delineate,,HAS_FUNCTION
95,a,,HAS_FUNCTION
95,single,,HAS_FUNCTION
95,geomorphic,,HAS_FUNCTION
95,process,,HAS_FUNCTION
95,or,,HAS_FUNCTION
95,landform,,HAS_FUNCTION
95,",",,
95,depending,,
95,on,,
95,scale,,
95,.,,
96,Placer,DEFINIENDUM,
96,deposits,DEFINIENDUM,
96,are,DEFINITOR,
96,mixtures,DEFINITOR,
96,of,,COMPOSITION_MEDIUM
96,heavy,,COMPOSITION_MEDIUM
96,metals,,COMPOSITION_MEDIUM
96,with,,COMPOSITION_MEDIUM
96,specific,,COMPOSITION_MEDIUM
96,location,,COMPOSITION_MEDIUM
96,",",,
96,geomorphic,,
96,principles,,
96,have,,
96,been,,
96,applied,,
96,other,,
96,than,,
96,any,,
96,other,,
96,phase,,
96,of,,
96,economic,,
96,geology,,
96,.,,
97,Nunataks,DEFINIENDUM,
97,are,DEFINITOR,
97,rock,GENUS,
97,outcrops,GENUS,
97,",",,
97,ranging,,HAS_SIZE
97,from,,HAS_SIZE
97,less,,HAS_SIZE
97,than,,HAS_SIZE
97,a,,HAS_SIZE
97,kilometre,,HAS_SIZE
97,to,,HAS_SIZE
97,hundreds,,HAS_SIZE
97,of,,HAS_SIZE
97,kilometres,,HAS_SIZE
97,in,,HAS_SIZE
97,size,,HAS_SIZE
97,",",,
97,surrounded,,HAS_FORM
97,by,,HAS_FORM
97,ice,,HAS_FORM
97,.,,HAS_FORM
98,JÃ¶kulhlaups,DEFINIENDUM,
98,are,,
98,outbursts,GENUS,
98,of,,
98,meltwater,,COMPOSITION_MEDIUM
98,stored,,HAS_LOCATION
98,beneath,,HAS_LOCATION
98,a,,HAS_LOCATION
98,glacier,,HAS_LOCATION
98,or,,HAS_LOCATION
98,ice,,HAS_LOCATION
98,sheet,,HAS_LOCATION
98,as,,HAS_LOCATION
98,a,,HAS_LOCATION
98,subglacial,,HAS_LOCATION
98,lake,,HAS_LOCATION
98,.,,HAS_LOCATION
99,Rock,DEFINIENDUM,
99,glaciers,DEFINIENDUM,
99,are,,
99,lobes,,
99,or,,
99,tongues,,
99,of,,
99,frozen,GENUS,COMPOSITION_MEDIUM
99,",",GENUS,COMPOSITION_MEDIUM
99,angular,GENUS,COMPOSITION_MEDIUM
99,rock,GENUS,COMPOSITION_MEDIUM
99,and,,COMPOSITION_MEDIUM
99,fine,,COMPOSITION_MEDIUM
99,debris,,COMPOSITION_MEDIUM
99,mixed,,COMPOSITION_MEDIUM
99,with,,COMPOSITION_MEDIUM
99,interstitial,,COMPOSITION_MEDIUM
99,ice,,COMPOSITION_MEDIUM
99,and,,COMPOSITION_MEDIUM
99,ice,,COMPOSITION_MEDIUM
99,lenses,,COMPOSITION_MEDIUM
99,.,,
100,Fumaroles,DEFINIENDUM,
100,are,DEFINITOR,
100,vents,GENUS,
100,through,,HAS_FUNCTION
100,which,,HAS_FUNCTION
100,volcanic,,HAS_FUNCTION
100,gases,,HAS_FUNCTION
100,are,,HAS_FUNCTION
100,released,,HAS_FUNCTION
100,at,,HAS_FUNCTION
100,the,,HAS_FUNCTION
100,surface,,HAS_FUNCTION
100,.,,
101,Karst,DEFINIENDUM,
101,springs,DEFINIENDUM,
101,are,DEFINITOR,
101,locations,GENUS,
101,where,,HAS_LOCATION
101,groundwater,,HAS_LOCATION
101,emerges,,HAS_LOCATION
101,from,,HAS_LOCATION
101,the,,HAS_LOCATION
101,limestone,,HAS_LOCATION
101,and,,
101,flows,,HAS_LOCATION
101,across,,HAS_LOCATION
101,the,,HAS_LOCATION
101,surface,,HAS_LOCATION
101,forming,,HAS_RESULT
101,a,,HAS_RESULT
101,stream,,HAS_RESULT
101,or,,HAS_RESULT
101,contained,,HAS_RESULT
101,pool,,HAS_RESULT
101,.,,
102,Zeolites,DEFINIENDUM,
102,are,DEFINITOR,
102,silicate,,
102,minerals,GENUS,
102,that,,
102,typically,,
102,form,,
102,during,,
102,low-grade,,HAS_CAUSE
102,metamorphism,,HAS_CAUSE
102,of,,HAS_CAUSE
102,volcanic,,HAS_CAUSE
102,rocks,,HAS_CAUSE
102,.,,
